name,booth,city,state,,,
AERO Design Ltd.,9861,Powell River,BC,V8A,0G3,Canada
Indra,7157,Miami,FL,33131,,
BHI 2 (BHI Squared),33,Leesburg,FL,34788,,
Universal Helicopters,31,Prescott,AZ,86301,,
AvidAir International,9257,Lee,MO,64063-2073,,
TURBO PURE WATER,3309,Lincoln,NE,68524,,
ecms Aviation Systems GmbH,8658,71726 Benningen,Germany,,,
UTC Aerospace Systems,4510,Charlotte,NC,28217,,
"MD Helicopters, Inc.",9349,Mesa,AZ,85215-9734,,
GE Aviation,10357,Lynn,MA,1905,,
Consolidated Turbine Specialists,3603,Bristow,OK,74010,,
Vantage,2119,Bohemia,NY,11716,,
"Sikorsky, a Lockheed Martin Company",8114,Stratford,CT,06615-9129,,
Pratt & Whitney Canada,7117,Longueuil,QC,J4G,1A1,Canada
Van Horn Aviation LLC,6906,Tempe,AZ,85283,,
Precision Heliparts Inc.,4910,Atlanta,GA,30349,,
"Eagle Technologies, LLC",9161,Newport News,VA,23607-151,,
Mannarino Systems & Software Inc.,9160,St-Laurent,QC,H4M2P2,Canada,
"Robertson Fuel Systems, LLC",11531,Website: http://www.robertsonfuelsystems.com,,,,
Air Comm Corporation,10734,Westminster,CO,80234,,
Parker Aerospace,2420,Irvine,CA,92618-1898,,
Southern Cross Aviation,4123,FORT LAUDERDALE,FL,33309-3138,,
Cascade Rescue Company,2117,Sandpoint,ID,83864,,
Optima Aero,2600,Saint-Mathieu-de-Bel,QC,J3G,0C9,Canada
ZODIAC AEROSPACE,5307,Phone: 33 1 61 34 23 23,,,,
"ENSCO Avionics, Inc.",8708,Endicott,NY,13760,,
"Advanced Composite Structures, Inc.",11331,Winnipeg,MB,R2X,2X7,Canada
"Frasca International, Inc.",4917,Urbana,IL,61802-7407,,
"Green Power Monitoring Systems, Inc",28,Middlebury,VT,5753,,
Airbus,7648,Grand Prairie,TX,75052-7099,,
"XP Services, Inc",1721,Tullahoma,TN,37388,,
Luminator Luminator Technology Group,11334,Plano,TX,75074,,
Uniflight,3406,Grand Prairie,TX,75052,,
Lobo Leasing Limited,4907,Co. Dublin,BLACKROCK,Ireland,,
GKN Aerospace,2406,Redditch,B98,0TL,United,Kingdom
"Bergen Cable Technology, LLC.",1622,Phone: 9732769596,,,,
Arista Aviation,35,Enterprise,AL,36330,,
"Helicomb International, Inc. Div of PCC Aerostructures",4304,Tulsa,OK,74112-6603,,
Arrow Aviation Co. LLC,10861,Broussard,LA,70518,,
HNZ Group Inc.,7306,Les Cdres,QC,J7T,1G1,Canada
Troll Systems,8508,Valencia,CA,91355,,
Robinson Helicopter Company,29,Torrance,CA,90505,,
LORD Corporation,2817,Cary,NC,27511,,
Jet-Care | Spectro,4904,Cedar Knolls,NJ,7927,,
Rogerson Kratos,8310,Pasadena,CA,91109,,
Jupiter Avionics Corporation,3211,Kelowna,BC,V1Y,4N7,Canada
Cadorath,7106,Winnipeg,MB,R2R,0H9,Canada
HFI Heritage of Helicopters,50,Phone: 703-683-4646,,,,
Gallagher Aviation,5317,Las Vegas,NV,89134-0527,,
Spider Tracks Limited,2012,Parker,CO,80134,,
Teledyne Battery Products,5517,Redlands,CA,92374-2902,,
Helinet,10531,Van Nuys,CA,91406,,
Churchill Navigation Inc.,7743,Boulder,CO,80301,,
Helitowcart (Vanair Inc.),8649,St. Nicolas,QC,G7A,5K6,Canada
StandardAero,10353,Scottsdale,AZ,85253,,
"Triumph Group, Inc.",5704,Berwyn,PA,19312-1190,,
Meggitt PLC,4924,orange,CA,92869,,
US Customs and Border Protection Air and Marine Operations,7462,Washington,DC,20229-1040,,
Elbit Systems,2200,Fort Worth,TX,76179,,
HarcoSemco,10161,Branford,CT,6405,,
Simplex Aerospace,4321,Portland,OR,97230,,
Helicopter Association Int'l,4504,Alexandria,VA,22314-2898,,
Ametek Ameron - Mass Systems,11064,Baldwin Park,CA,91706-2274,,
PAC International,9342,Mount Pleasant,PA,15666,,
DeVore Aviation Corporation of America,5117,Albuquerque,NM,87109-3410,,
Honeywell Aerospace,5423,Phoenix,AZ,85034-3442,,
Robinson Helicopter Company,29,Torrance,CA,90505,,
"FLIR Systems, Inc.",5320,Wilsonville,OR,97070,,
HAI Safety Booth,7703,Phone: 250-769-4111,,,,
Dallas Executive Airport,12138,Dallas,TX,75237,,
QAI,7103,White Oak,PA,15131,,
Meridian Helicopters,21,Broussard,LA,70518,,
Universal Helicopters,8135,Prescott,AZ,86301,,
"Austin Jet Aircraft Sales, Inc.",45,Austin,TX,78746,,
Aerolite AG,8143,Ennetbuergen (NW),CH-6373,Switzerland,,
Sino Russian Helicopters,1907,Beijing,100021,China,,
Heli-One,2608,Delta,BC,V4K,3N3,Canada
Americase,2403,Waxahachie,TX,75165,,
Kaman Aerospace,9756,Bloomfield,CT,6002,,
CAE,7423,Montreal,QC,H4T,1G6,Canada
Eagle Copters Maintenance Ltd,25,Calgary,AB,T2E,7G9,Canada
AeroDirections,2009,Plano,TX,75025,,
Bad Wolf Technologies,4012,Mequon,WI,53092,,
Enstrom Helicopter Corporation,4517,Menominee,MI,49858-3515,,
Ontic,7608,Chatsworth,CA,91311,,
Commission on Accreditation of Medical Transport Systems (CAMTS),8103,Phone: 864-287-4177,,,,
BLR Aerospace,11343,Everett,WA,98204,,
Blade Shade,9159,Albuquerque,NM,87112,,
Advanced Helicopter Services Cascade Helicopter Services,9338,Woodland,CA,95695-9238,,
TowCart.com LLC,12141,Plymouth,MI,48170,,
START PAC,7303,Las Vegas,NV,89118,,
Safran Helicopter Engines,10542,Grand Prairie,TX,75052-7027,,
"Machida, Inc.",1917,Orangeburg,NY,10962,,
BORESCOPES R US,9163,CLARKSVILLE,TN,37040,,
"AeroLEDs, LLC",11055,Boise,ID,83709-3615,,
Leonardo,3017,Rome,195,Italy,,
FreeFlight Systems,2217,Waco,TX,76706-3756,,
"HeliValue$, Inc.",7717,Wauconda,IL,60084,,
AmSafe,9242,Phoenix,AZ,85043,,
Helinetwork International,7154,Les Milles,13290,France,,
CONTINENTAL FORGE,8659,Phone: 310-603-1014,,,,
"Kong USA, LLC",4124,Bristol,RI,2809,,
"Unical Defense, Inc.",26,City of Industry,CA,91789,,
Pilatus Business Aircraft Ltd,6903,Broomfield,CO,80021,,
Metro Aviation,9342,Shreveport,LA,71107,,
Marenco Swisshelicopter Ltd,7110,Mollis,8753,Switzerland,,
Onboard Systems,2603,Vancouver,WA,98685,,
Essential Turbines Inc.,11340,Dorval,QC,H9P,2W2,Canada
"Aero Dynamix, Inc.",9961,Euless,TX,76040,,
Heliproducts Industries Ltd,8560,Pitt Meadows,BC,v3y2b4,Canada,
Waypoint Leasing (Ireland) Limited,9836,Limerick,V94,WC6A,Ireland,
Prime Turbines,10561,Carrollton,TX,75006,,
Breeze-Eastern LLC,9334,Whippany,NJ,7981,,
"Heli-Mart, Inc.",4312,Costa Mesa,CA,92626,,
ZF,8935,Kassel-Calden,Hesse,,,
Allstands Inc.,7361,Bardstown,KY,40004,,
"Intermountain Turbine Services, Inc",5520,Lindon,UT,84042,,
Airborne Displays Frederick Aero Development,1823,Murrieta,CA,92563,,
Hutchinson Aerospace,3606,Burbank,CA,91505,,
DART Aerospace Ltd.,8540,Hawkesbury,ON,K6A,1K7,Canada
"Northwest Helicopters, LLC",4308,Olympia,WA,98501,,
Tri-Star Technologies,8111,El Segundo,CA,90245,,
"Aircraft Component Design, Inc.",2017,Southampton,MA,1073,,
Helicopter Association Int'l,6622,Alexandria,VA,22314-2898,,
Magellan Aerospace,2828,Winnipeg,MB,R3C,2S4,Canada
Helicopter Maintenance Magazine,1708,Fort Atkinson,WI,53538,,
Bell Helicopter,11249,Fort Worth,TX,76101-0482,,
Redbird Flight Simulations,2804,Austin,TX,78744,,
LifePort,2209,Woodland,WA,98674,,
LCI Helicopters Ltd.,2620,Dublin,1,Ireland,,
Hillaero Modification Center,8630,Lincoln,NE,68524,,
Isolair Inc.,8749,Boring,OR,97009,,
RedViking,6108,Plymouth,MI,48170-2421,,
Filconn Inc.,5726,Phone: 4802223565,,,,
ACES Systems,3307,Knoxville,TN,37932,,
JJASPP ENGINEERING SERVICES LLC,2008,Arlington,TX,76010,,
Esterline CMC Electronics Inc.,3207,Montreal,QC,H4M,2S9,Canada
Garmin International,9536,Olathe,KS,66062,,
Ducommun,4125,Phone: 310.513.7200,,,,
Mid-Continent Instruments & Avionic True Blue Power,5717,Wichita,KS,67226,,
"Jet Support Services, Inc. (JSSI)",7536,Chicago,IL,60601,,
Nav-Aids Ltd.,2118,Montreal,QC,H4S,1M1,Canada
"Columbia Helicopters,",6111,Portland,OR,97208-3500,,
Soloy Aviation Solutions,7238,Olympia,WA,98501,,
Astronics,10749,Kirkland,WA,98034,,
Apple International Inc,10961,Bristol,TN,37620,,
Acme Aerospace,3400,Tempe,AZ,85282,,
Outerlink Global Solutions,9342,Shreveport,LA,71137,,
"Blue Sky Network, LLC",2113,La Jolla,CA,92037,,
"Applied Composites Engineering, Inc",3212,Indianapolis,IN,46231,,
"Hillsboro Aero Academy, LLC",7148,Hillsboro,OR,97124,,
"Cannon Aviation Group, Inc.",1707,Georgetown,TX,78628,,
Rexnord Aerospace,10964,Downers Gove,IL,60515,,
Kansas Aviation of Independence,3711,Independence,KS,67301,,
BTX Global Logistics,1822,Shelton,CT,6484,,
Skye Avionics Ltd.,2122,Campbell River,BC,V9W,5T5,Canada
Ag-Nav Inc.,8308,Barrie,ON,L4N,8Z5,Canada
BHI 2 (BHI Squared),2428,Leesburg,FL,34788,,
"Dayton T. Brown, Inc.",8530,Bohemia,NY,11716,,
Mecaer Aviation Group S.p.A.,11537,Borgomanero,Novara,,,
Aventech Research Inc.,3513,Barrie,ON,L4N,6C6,Canada
Rolls-Royce,10349,Indianapolis,IN,46225,,
Air and Ground Aviation Inc,1621,Phone: +1 754-223-2305,,,,
Donaldson Aerospace & Defense,10537,Chesterfield,MO,63005,,
"Paravion Technology, Inc.",8340,Fort Collins,CO,80524,,
PCX Aerostructures,10331,Newington,CT,6111,,
Guimbal / Precision,7123,Newberg,OR,97132,,
EuroTec Vertical Flight Solutions,5707,Eudora,KS,66025,,
"Flight Light, Inc.",11057,Sacramento,CA,95822,,
Foxcart GSE,8507,Dallas,TX,75238,,
Takata Protection Systems,7242,Pompano Beach,FL,33069-4524,,
"Rotair Industries, Inc.",6625,Bridgeport,CT,6607,,
Vector Aerospace,1612,Richmond,BC,V7B,1A4,Canada
Socomore/Dysol/Dynamold,2018,Fort Worth,TX,76177,,
Endura Aviation,1819,Phone: 800-661-9930,,,,
The Milestone Aviation Group Ltd,7520,Columbus,OH,43215-2232,,
Casher,7237,Harrisburg,PA,17110,,
Astronautics Corporation of America,9949,Milwaukee,WI,53209,,
Essex Industries,5722,St. Louis,MO,63123,,
"Machine Specialties, Inc.",10955,Phone: 336-603-1919,,,,
AvQuest Insurance Service,5720,Gold River,CA,95670-4499,,
Giannuzzi Aerospace LLC,1623,Newtown,PA,18940,,
Cobham,5124,Arlington,VA,22202,,
"Wysong Enterprises, Inc.",7503,Blountville,TN,37617,,
Priority 1 Air Rescue,2417,Mesa,AZ,85215,,
Aviation Partners Group,9263,Punta Gorda,FL,33982,,
AirVault - Critical Technologies,2109,Addison,TX,75001,,
"Arc-Tronics, Inc.",3311,Elk Grove Village,IL,60007,,
Complete Flight,7730,Sioux Falls,SD,57108,,
Able Aerospace Services,11542,Mesa,AZ,85212,,
"Laversab, Inc.",8204,Sugarland,TX,77478,,
ErectaStep,3812,Andrews,SC,29510,,
EuroAvionics USA,8730,Sarasota,FL,34237,,
MASCO Service Corporation,3411,Grapevine,TX,76051,,
Denison Industries,3611,Phone: 903-786-6500,,,,
Avfuel Corporation,8330,Ann Arbor,MI,48108,,
"HELI-TECH, Inc.",3312,PANAMA CITY,FL,32405,,
U.S. Department of Interior,8660,(Government Service),,,,
Honeycomb,6624,Sarasota,FL,34243,,
Robinson Helicopter Company,11842,Torrance,CA,90505,,
"Dallas Airmotive, Inc.",7608,Grapevine,TX,76051,,
H.E.R.O.S. Inc.,11337,Valencia,CA,91355,,
Alpine Aerotech LP,1617,West Kelowna,BC,V1Z,1G5,Canada
Thales,2628,78140 Vlizy-Villaco,78140,France,,
United Rotorcraft An Air Methods Division,5310,Englewood,CO,80112,,
"Dayton-Granger, Inc",3511,Fort Lauderdale,FL,33315-3026,,
Trax,2228,Miami,FL,33133,,
LifeBlanket,2112,Denver,CO,80218,,
Erickson Incorporated,9356,Portland,OR,97239-3769,,
Digitran Unit of Electro Switch Cor,9140,Rancho Cucamonga,CA,91730,,
"Transupport, Inc.",7517,Merrimack,NH,3054,,
Professional Pilot Magazine,3913,Alexandria,VA,22312,,
Helicopter Association Int'l,1922,Alexandria,VA,22314-2898,,
Rockwell Collins,7336,Cedar Rapids,IA,52402,,
DEAGA USA Inc,4324,Mesa,AZ,85215,,
HELIMOB,12142,Davenport,FL,33896,,
Emergco,2123,NORTH VANCOUVER,BC,V7J,2.00E+09,Canada
CNC Technologies,11534,Ontario,CA,91761,,
ForeFlight,8710,Houston,TX,77019,,
MISSIONMAP,6621,SYDNEY,New,South,Wales,
"Tri County Instruments, Inc.",7830,Lafayette,CO,80026,,
"Tradewind International, LLC",8430,Janesville,WI,53546,,
Lumitron Aerospace Lighting Components,8211,Berkeley Heights,NJ,7922,,
"Hickok & Associates, Inc.",8631,Orange Beach,AL,36561,,
"Air Flite, Inc.",10957,Shawnee,OK,74804,,
Global Aerospace,8656,Parsippany,NJ,7054,,
Piedmont Airlines,12243,Phone: 410-572-5113,,,,
WinAir,1817,London,ON,N6E,1R2,Canada
ELITE Simulation Solutions,12140,Oviedo,FL,32765,,
Precision Heli-Support,10934,Mesa,AZ,85215,,
Israel Aerospace Industries (IAI),10439,Arlington,VA,22209,,
Avion Power,8549,Norwood,MA,2062,,
Barfield Inc.,8849,Miami,FL,33142,,
Airwolf Aerospace LLC,11237,Middlefield,OH,44062,,
Lite Metals Company,10437,Ravenna,OH,44266,,
AirSuite Inc,9259,Thunder Bay,ON,P7E,6M9,Canada
"Helitrades, Inc.",11245,Vankleek Hill,ON,K0B,1R0,Canada
L3,10056,Burlington,ON,L7P,5B9,Canada
SACS Boysen Aerospace U.S. Inc.,8754,Dallas,TX,75261,,
"Hillsboro Aviation, Inc.",7540,Hillsboro,OR,97124,,
"Rotorcraft Support, Inc.",8140,Van Nuys,CA,91406,,
Kipper Tool Company,8206,Gainesville,GA,30504,,
"Transaero, Inc.",9153,Melville,NY,11747,,
Pall Aerospace,4920,New Port Richey,FL,34654,,
Aviall a Boeing Company,9952,Dallas,TX,75261-9048,,
Rotorcraft Pro Media Network (RPMN),8851,Ft White,FL,32038,,
Aero Sekur S.p.A.,8760,Phone: +390692016601,,,,
"Partsbase, Inc.",8854,Boca Raton,FL,33487,,
Ukrainian Helicopters,8761,Kiev,4080,Ukraine,,
STEPHAN/H,8758,Quebec,QC,G2C,0M4,Canada
"Calibration Specialty, Inc.",8753,Irving,TX,75061,,
Meeker Aviation Services Ltd.,8853,Pitt Meadows,BC,V3Y,2P9,Canada
Genesys Aerosystems,8606,Mineral Wells,TX,76067,,
"Nebraska Gas Turbine, Inc",11131,Hooper,NE,68031,,
Cappsco International Corp.,8209,Tucson,AZ,85719,,
"Tech-Tool Plastics, Inc.",9045,Fort Worth,TX,76108-2589,,
CEVIANS LLC,8203,Costa Mesa,CA,92626,,
ADAC HEMS Academy GmbH,7740,Sankt Augustin,53757,Germany,,
Professional Aircraft Accessories - A Greenwich AeroGroup Company,6304,Titusville,FL,32780-8202,,
Fort Lauderdale Downtown Helistop City of Fort Lauderdale,11145,Fort Lauderdale,FL,33309,,
"Southwest Fuel Systems, LLC",10837,Tucson,AZ,85703-0187,,
"SRT Helicopters, LLC",9261,Bakersfield,CA,93308-1662,,
"Air Dallas Instruments, Inc.",10731,Lewisville,TX,75057,,
Aviation Battery Systems LLC,10949,Chandler,AZ,85226,,
AeroComputers,10340,Oxnard,CA,93030,,
"Colinear Machine & Design, Inc.",10342,Sparta,NJ,7871,,
Universal Stainless,11063,Bridgeville,PA,15017,,
Aircraft Maintenance Systems,11137,Montreal,QC,H3A1G7,Canada,
Lifesaving Systems,9239,Apollo Beach,FL,33572,,
U.S. Forest Service,8661,Website: http://www.fs.fed.us/r6/welcome.shtml,,,,
Helimission International,8554,Phone: 585-624-5509,,,,
AVINCO,10931,MC-98000,98000,Monaco,,
Action Aircraft Parts Action Aircraft Engine Overhaul,10958,Dallas,TX,75220,,
"Green Power Monitoring Systems, Inc",11062,Cornwall,VT,5753,,
"Summit Helicopters, Inc.",10963,Cloverdale,VA,24077,,
Avpro Inc.,9361,Annapolis,MD,21401,,
Aernnova,10557,Phone: +52 (442) 227 2888,,,,
Transwest Helicopters Ltd,10959,Phone: 1-250-498-6691,,,,
LMB NORTH AMERICA,10960,BEDFORD HILLS,NY,10507,,
Federal Aviation Administration Flight Service,8860,Phone: 2022672948,,,,
Aviation International News,8861,Phone: 203-798-2400,,,,
ACR Electronics,11058,Fort Lauderdale,FL,33312,,
EAM Worldwide Eastern Aero Marine,10441,Miami,FL,33142,,
"Aeroweld, Inc.",10962,San Marcos,CA,92078-1102,,
Specmat Technologies Inc.,11060,Rockford,TN,37853,,
Shephard Media,9138,London,W4,5HG,United,Kingdom
Aircraft Spruce & Specialty Company,9137,Corona,CA,92882,,
"AeroBrigham, LLC",9240,Decatur,TX,76234,,
Placeteco,11061,Shawinigan,QC,G9N,0C4,Canada
Pergam Technical Services,11059,Renton,WA,98057-4930,,
Health Services Integration,9162,Phone: 910-431-1862,,,,
Timken,11049,Los Alamitos,CA,90720,,
Bucher Leichtbau AG,10344,Fallanden,CH-8117,Switzerland,,
International Turbine Service,7608,Grapevine,TX,76051-8675,,
Gazelle Aero LLC,15,Phone: 805-594-0726,,,,
Airwork (NZ) Ltd,2220,Auckland,2244,New,Zealand,
Keystone Turbines Services,10837,Coatesville,PA,19320,,
Heliwelders an HNZ Company,7306,Langley,BC,V2Y0E5,Canada,
Tiger Tugs,9236,Bend,OR,97702,,
Mint Turbines LLC,10837,Stroud,OK,74079-0460,,
"East/West Industries, Inc.",10337,Ronkonkoma,NY,11779,,
H+S Aviation Ltd.,7608,Portsmouth,Hampshire,,,
Airmark International,9141,Corona,CA,92880,,
Global Aviation Solutions,11,Huntsville,AL,35802,,
"International Governor Services, LLC",7608,Broomfield,CO,80020,,
Aviation Specialties Unlimited,10334,Boise,ID,83705,,
Lamar Technologies LLC,11138,Marysville,WA,98271,,
Helicopter Association Int'l,9433,Alexandria,VA,22314-2898,,
Sterling Helicopter,10438,Croydon,PA,19021-7511,,
BLR Aerospace,10,Everett,WA,98204,,
"All-System Aerospace Intl, Inc.",7517,Holbrook,NY,11741,,
US General Services Administration,3200,Website: http://www.GSAAuctions.gov,,,,
"Instrument Technology, Inc.",3300,Westfield,MA,1086,,
ALOFT AeroArchitects,3205,Phone: 302-855-5888,,,,
Hydro Engineering,3304,Salt Lake City,UT,84119,,
AMS HELI DESIGN,3302,Dallas,TX,75050,,
"Falcon Field Airport City of Mesa, Arizona",3512,Mesa,AZ,85215,,
Flight Helmet.com,3202,Tilghman,MD,21671,,
NEDAERO / AD-S&Co,3301,Alphen a/d Rijn,2408AC,Netherlands,,
"Atec, Inc.",3612,Stafford,TX,77477,,
Bayards Heliport Solutions,3712,Houston,TX,TX,77084,
"Helicopter Specialties, Inc.",3912,Janesville,WI,53546-9121,,
Newport Aeronautical Sales,4009,Newport Beach,CA,92663,,
Appareo,8557,Fargo,ND,58102,,
Softtech Inc.,8108,Sherwood,OR,97140,,
Global Turbine Parts,8107,Jupiter,FL,33458,,
"Conklin & de Decker Associates, Inc Aviation Information",8207,Arlington,TX,76012,,
Helicopter Association Int'l,10753,Alexandria,VA,22314-2898,,
Delta Sigma Company,7344,Kennasaw,GA,30144,,
135 Air Carrier Management,8408,Wichita,KS,67235,,
Gradient Lens Corporation,8706,Rochester,NY,14608,,
Eastman Aviation Solutions,7244,Kingsport,TN,37662,,
Staco Systems,4011,Irvine,CA,92618-2005,,
"Liquid Measurement Systems, Inc.",4112,Georgia,VT,5468,,
Electro Enterprises,7348,Oklahoma City,OK,73111-4412,,
"L.J. Walch Co., Inc.",7448,Livermore,CA,94551,,
SEI Industries Ltd.,2617,Delta,BC,V4G,1H3,Canada
Bollore Logistics,7461,Phone: 13105250661,,,,
Office of the Governor,7360,Phone: (512) 936-0265,,,,
"Consolidated Aircraft Supply Company, Inc.",8104,Ronkonkoma,NY,11779,,
"Oregon Aero, Inc.",8405,Scappoose,OR,97056,,
Whirly-Girls International,3305,Phone: 831-902-5736,,,,
Micro-Surface Finishing Products,3204,Wilton,IA,52778-0002,,
Pacific Southwest Instruments,4212,Corona,CA,92880,,
"Howell Instruments, Inc.",7444,Fort Worth,TX,76140-4911,,
Macro-Blue Inc,4013,Moorpark,CA,93021-7139,,
"Cobra Systems, Inc.",7443,Arlington Heights,IL,60005,,
PlaneTechs,8305,Oak Brook,IL,60523,,
Technisonic Industries Limited,8303,Mississauga,ON,L4Z,1W7,Canada
Fastening Systems International Inc,7240,Sonoma,CA,95476-3812,,
Helicopter Technology Company,2824,Los Angeles,CA,90061-1118,,
ST Laserstrike,3201,Ft. Myers,FL,33912,,
Aeromaritime America Inc.,10149,Mesa,AZ,85215,,
Curtiss-Wright,8751,Ashburn,VA,20147,,
"Pentagon 2000 Software, Inc.",8109,New York,NY,10001,,
Eagle Copters Maintenance Ltd,8540,Calgary,AB,T2E,7G9,Canada
PPG Aerospace,5304,Sylmar,CA,91342-3728,,
Toll Helicopters,3811,Phone: +61421589505,,,,
Chappell Supply & Equipment,2800,Oklahoma City,OK,73127,,
"Skurka Aerospace, Inc.",3400,Camarillo,CA,93012,,
TRACE Worldwide Corp.,3403,Palos Verdes Estates,CA,90274,,
Air Technology Engines Inc.,3600,Naples,FL,34104,,
Rotor & Wing International,9561,Rockville,MD,20850,,
Universal Avionics Systems Corp.,9149,Tucson,AZ,85756,,
FlightSafety International,5710,Flushing,NY,11371,,
Rotorcraft Services Group (RSG),2623,Fort Worth,TX,76106,,
M International Inc,10837,McLean,VA,22101,,
Trakka Systems,8510,Moorabbin,Victoria,,,
Aero Products Component Services,10361,Show Low,AZ,85901,,
Firan Technology Group,5725,Toronto,ON,M1S,3T2,Canada
Select Helicopter Services Ltd.,2023,Kelowna,BC,V1X,7W2,Canada
EIT Avionics,3209,Leesburg,VA,20175,,
Helicopter Association Int'l,8858,Alexandria,VA,22314-2898,,
Panalpina Inc. Heliship Div.,8106,Vancouver,BC,V6E,4A6,Canada
Spectrum Aeromed,6104,Fargo,ND,58102,,
"RPX Technologies, Inc.",6618,Stillwater,OK,74074,,
Helicopter Association of Canada,6617,Phone: 6132311110,,,,
HeliMods Pty Ltd,2821,Caloundra DC,QLD,,,
Inventory Locator Service,10534,Website: http://www.ILSmart.com,,,,
Sprung Structures Inc.,5723,West Jordan,UT,84081,,
Aerometals,9731,El Dorado Hills,CA,95762,,
"Avenge, Inc.",6526,Sterling,VA,20164,,
Q1Aviation LTD.,6425,Phone: 905-678-1234,,,,
Turboflare International,6326,Henderson,NV,89014,,
Ambassador Rotorcraft Painting,6121,Dallas,TX,75237,,
Schultz Engineered Products,6220,Neptune,NJ,7753,,
RBI WORLDWIDE INC.,6020,Phone: 5206240042,,,,
Helicopter Association Int'l,5925,Alexandria,VA,22314-2898,,
Eye in the Sky,6026,Over The Top,9349,New,Zealand,
Helisota,5921,Phone: +370 37 271880,,,,
Clockwork Solutions,6520,Austin,TX,78746,,
GPS Inventory Solutions,6120,Mesquite,TX,75181,,
"Gables Engineering, Inc.",5924,Coral Gables,FL,33146,,
The Barden Corporation FAG/Schaffler KG,5922,Danbury,CT,06813-2449,,
US Cargo Link,6025,Frisco,TX,75034,,
Flightdocs,6320,Fort Myers,FL,33913,,
"WGS Systems, LLC",6023,Phone: 240-436-6168,,,,
Omega Adv Planning & Scheduling,6226,Phone: 972-775-3693,,,,
Sisley Clothing Australia,6126,Phone: +61 249500400,,,,
S3 Repair Services,6217,Milwaukee,WI,53209,,
IKONICS Advanced Material Solutions,6118,Duluth,MN,55807,,
PSA Airlines,6024,Phone: 7043596180,,,,
Gyro Specialist Inc,6021,Burbank,CA,91506,,
Air Parts & Supply Company (APSCO),5825,Miami,FL,33156,,
Hughes Aerospace Corporation,5824,The Woodlands,TX,77380,,
"Truth Data Insights, LLC",6022,Fort Worth,TX,76102,,
Web Manuals Inc,6225,San Diego,CA,92101,,
Epic Helicopters,6224,Fort Worth,TX,76106,,
Spencer Aircraft,6018,Puyallup,WA,98374,,
AMETEK Aerospace & Defense,5917,Wichita,KS,67210,,
Abingdon Co.,6125,Las Vegas,NV,89102,,
X-naut,6223,Long Beach,CA,90804,,
Wortham Insurance & Risk Management,6124,Fort Worth,TX,76102,,
Seer Aerospace,6017,Long Island City,NY,11101-1573,,
"CommInnovations, Inc.",5918,Oneonta,NY,13820-3534,,
Lynn Welding,6117,Phone: 8606674400,,,,
FX-LLC,6317,Westlake Village,CA,91361,,
Georgian Aerospace,6517,Chesterfield,MO,63005,,
ProFlo Industries LLC,6220,ALVADA,OH,44802,,
TrooTrax,5823,Ottawa,ON,K2E7Y8,Canada,
Aerosafe Risk Management,5821,Washington,DC,20005,,
"Traxxall Technologies, Inc.",6417,Montreal,QC,H3R,2.00E+08,Canada
"AvStar Media, LLC",8404,Dallas,TX,75251,,
PALU srl,6518,Phone: 335 7264433,,,,
Trotter Controls,6524,Fort Worth,TX,76104,,
SAFESMART ACCESS AVIATION,6325,Los Angeles,CA,90045,,
"National Flight Services, Inc.",6318,Swanton,OH,43558,,
Bergad Specialty Foams,6423,Kittanning,PA,16201,,
SUGINO,6426,Phone: 8887844661,,,,
PCO,6424,Phone: +48 22 515 75 27,,,,
BCI AEROSPACE,6522,Phone: +33141864146,,,,
Midvale Industries,6521,Saint Louis,MO,63139,,
NEXTEAM Group,6523,Phone: +33642416059,,,,
PowerLift Hydraulic Doors,6122,Lake Benton,MN,56149,,
JENOPTIK Advanced Systems LLC,6323,Phone: 561-427-3999,,,,
"Fortem Technologies, Inc.",6218,Phone: (385) 375 3233,,,,
"Columbia Helicopters,",7,Portland,OR,97208-3500,,
EuroTec Vertical Flight Solutions,19,Eudora,KS,66025,,
SEI Industries Ltd.,6,Delta,BC,V4G,1H3,Canada
"Southern Helicopters, Inc.",20,Sunshine,LA,70780-3103,,
Main Line Helicopter LLC,5,Fairhope,AL,36532,,
Anhui Yingliu Aviation Technology,4,Phone: +86 564 5036879,,,,
"RMCI, Inc.",22,Huntsville,AL,35806,,
"Precision Flight Controls, Inc",3,Rancho Cordova,CA,95742,,
Rogerson Kratos,1,Pasadena,CA,91109,,
"Turbopower, LLC",1821,OPA LOCKA,FL,33054,,
TracMap Aviation Ltd,6508,Griffin,GA,30445,,
Eye-Fly Ltd,1921,Taupo,3331,New,Zealand,
"Remote GeoSystems, Inc.",1706,Fort Collins,CO,80525,,
CANWEST Aerospace,2121,Langley,BC,V2Y2N4,Canada,
Boost Human External Cargo Systems,2022,North Vancouver,BC,V7J,1M8,Canada
"Unical Defense, Inc.",1606,City of Industry,CA,91789,,
Helitune,4017,Elk Grove Village,IL,60007,,
Unitron Power Systems,2106,Dallas,TX,75238,,
WBParts Inc.,2006,Palm Bay,FL,32905,,
IMT-Vislink,2107,Mt. Olive,NJ,7828,,
Skyplan Services LTD,1906,Calgary,AB,T2E,8X2,Canada
Safe Structure Designs,1806,Las Vegas,NV,89141,,
Galaxy Aviation Technology Inc.,1907,Columbia,MD,21045,,
Griffin Aerospace Models,1807,Fort Worth,TX,76135,,
"Chopper Spotter Company (J.B. Knowles, Inc.)",3808,Blue River,WI,53518-4634,,
Luma Technologies,4224,Bellevue,WA,98005,,
Envoy Air Inc.,4225,Phone: 972-374-4761,,,,
Lexavia Integrated Systems,4218,Gulf Breeze,FL,32563,,
"Kell-Strom Tool Company, Inc.",4118,Wethersfield,CT,06109-2316,,
Baldwin Aviation Safety/ Compliance,4217,Hilton Head,SC,29926,,
Point Lighting Corporation,4117,Simsbury,CT,6070,,
Component Control,4221,San Diego,CA,92101,,
"The Kearns Group, LLC",4120,Daleville,AL,36322,,
"Life Support International, Inc.",4020,Langhorne,PA,19047,,
"Corporate Service Supply & Manufacturing, Inc.",4025,Ronkonkoma,NY,11779,,
Straube,4024,Kingman,AZ,86401,,
"McGriff, Seibels & Williams, Inc.",4022,Mercer Island,WA,98040-0060,,
DAC INTERNATIONAL INC,3908,Austin,TX,78729,,
Aero Precision,3908,Website: http://www.aeroprecision.com,,,,
Helicopter Association Int'l,4004,Alexandria,VA,22314-2898,,
International Business Aviation Cou,4006,Phone: 514-954-6198,,,,
Optical Scientific Inc,4007,Gaithersburg,MD,20878,,
NEMSPA,4008,Phone: 8014506912,,,,
"Precise Flight, Inc.",4317,Bend,OR,97708,,
Silicon Forest Electronics,5107,Vancouver,WA,98661,,
Kawak Avaition Technologies Inc.,5108,Bend,OR,97702,,
Infinity Massage Chairs,5208,Kingston,NH,3848,,
Avalex Technologies Corporation,5112,Gulf Breeze,FL,32563,,
"PCB Piezotronics, Inc.",4206,Depew,NY,14043,,
Kelly Manufacturing Company,4207,Wichita,KS,67202,,
"HRD Aero Systems, Inc.",4105,Valencia,CA,91355,,
FAA - Wide Area Augmentation System,4107,Washington D.C.,DC,20591,,
"Mechanical Specialties, Inc.",4208,Olympia,WA,98501,,
IMS New Zealand Ltd,4108,Napier,4110,New,Zealand,
Women in Aviation International,4205,Phone: 937-839-4647,,,,
"HiRel Connectors, Inc.",4204,Claremont,CA,91711,,
Helidex Offshore LLC,4104,Phone: 1201-636-2546,,,,
"DFW Instrument, LLC",4111,ADDISON,TX,75001,,
Shield Technologies Corporation Envelop Protective Covers,3801,Eagan,MN,55121,,
FAA Center of Excellence - PEGASAS,3802,Phone: 321 482-9493,,,,
IAC Ltd.,3800,Fort Worth,TX,76177,,
Intl. Helicopter Safety Team,3803,Phone: 630-399-6992,,,,
Helicopter International Ministries,3804,Phone: 541-517-7530,,,,
Brown Aviation Tool Supply Co.,3805,Oklahoma City,OK,73129,,
Diagnostic Solutions International,3904,Ontario,CA,91761,,
Freedom Aero Service Inc.,3907,McClellan,CA,95652,,
Aero Metals Alliance,3807,Phone: 316-522-3333,,,,
Greenwich AeroGroup,6304,Wichita,KS,67209,,
"Helicopter Services of Nevada, LLC",6308,Boulder City,NV,89005,,
Heli-Parts Nevada,6308,Boulder City,NV,89005,,
Latitude Technologies Corp.,6511,Victoria,BC,V8Z,3R1,Canada
"ARGUS International, Inc.",6411,Cincinnati,OH,45226,,
Dallas Avionics Inc.,6311,Dallas,TX,75228-1671,,
"Frontline Aerospace, Inc.",12144,Broomfield,CO,80020,,
"SureFlight, LLC",6612,Coatesville,PA,19320,,
Safetech,6005,Humble,TX,77396,,
Survitec Group,5906,Phone: 01224214452,,,,
Hybrid Enterprises,6006,Atlanta,GA,30337,,
Duncan Aviation,6004,Lincoln,NE,68501,,
Whelen Engineering Co Inc,5904,Chester,CT,6412,,
USSIC Aviation Group,6008,Plano,TX,75024,,
"Survival Products, Inc.",5908,Phone: 3057941754,,,,
"Pacific Oil Cooler Service, Inc.",5909,La Verne,CA,91750-5848,,
Flight Suits dba Gibson & Barnes,6011,El Cajon,CA,92020-1642,,
Gold Coast Helicopters,5204,Glendale,AZ,85307,,
Daniels Manufacturing Corp.,5104,Orlando,FL,32824,,
Falcon Crest Aviation Supply Inc.,6413,Houston,TX,77061,,
ACF-50 / Lear Chemical,6313,Mississauga,ON,L4Y3W3,Canada,
Advanced Torque Products,6513,Newington,CT,6111,,
United Turbine Continental Motors Services,5206,Medley,FL,33166-2120,,
Laselec Inc,6811,Grand Prairie,TX,75052,,
"AVIATRIX, INC.",6803,Sherwood,OR,97140,,
"Actron Manufacturing, Inc.",6713,Corona,CA,92880,,
NAASCO (North American Aviation Supply),6703,Shirley,NY,11967,,
SKYTRAC Systems Ltd.,5912,Kelowna,BC,V1Y,0B5,Canada
Aureus International,6604,Enterprise,AL,36330,,
Lonseal,6505,Carson,CA,90745,,
"RHOTHETA USA, Inc.",6504,Huntington,UT,84528,,
Rugged Video,6506,Mequon,WI,53092,,
AAMSI,6607,Ft. Lauderdale,FL,33309,,
National Business Aviation Association (NBAA),6608,Washington,DC,20005-3830,,
World Fuel Services,8505,Salem,OR,97302-1279,,
Reliance Aerotech Services Inc.,8608,Nashville,TN,37217,,
"Aviation Search Group, LLC",9145,Roanoke,TX,76262,,
People's Capital & Leasing Corp.,9157,Bridgeport,CT,6604,,
Helicopter Association Int'l,6700,Alexandria,VA,22314-2898,,
SHOTOVER Camera Systems,11935,Van Nuys,CA,91406,,
Helicopter Association Int'l,12306,Alexandria,VA,22314-2898,,
"Becker Avionics, Inc.",11937,Miramar,FL,33025,,
Southeast Aerospace,11939,Melbourne,FL,32935-6310,,
"MarathonNorco Aerospace, Inc.",12039,Waco,TX,76714-8233,,
US Army Aviation,12139,Phone: (334) 400-6621,,,,
Helicopter Services of Utah,9245,Woods Cross,UT,84087,,
"Lift-It Manufacturing Co., Inc",8503,Pomona,CA,91766,,
Avidyne Corporation,8807,Concord,MA,1742,,
Tronair Inc.,7430,Holland,OH,43528,,
"Executive Instruments, Inc.",7329,Addison,TX,75001,,
HeliTrak,8531,Gig Harbor,WA,98335,,
THOMMEN AIRCRAFT EQUIPMENT AG,7130,Muttenz,4132,Switzerland,,
ESG,6927,Phone: 0049 89 9216-0,,,,
SEMIA,6929,CERGY PONTOISE,95024,France,,
Bose Corporation,6924,Framingham,MA,1701,,
PETERCEM - COMTRONIC,6923,Phone: +33 678844056,,,,
HEICO,6805,Hollywood,FL,33021,,
ASE S.p.A.,6706,Phone: +39 0331 402216,,,,
"Lightspeed Aviation, Inc.",6711,Lake Oswego,OR,97035,,
CAMP Systems International,7029,Merrimack,NH,3054,,
Shaw Aerox LLC d/b/a Aerox Aviation Oxygen Systems,7021,Limington,ME,4049,,
"Advantage Aviation Technologies, Inc.",7028,Dallas,TX,75356-0088,,
"Merit Apparel Co., Inc.",7020,St Augustine,FL,32095,,
Medallion Foundation,7025,Phone: 907-743-8050,,,,
"Sun-Foil Aircraft Sunscreens, Inc.",7026,Phoenix,AZ,85024-4420,,
MyGoFlight,6820,Denver,CO,80223,,
HQ Aero Management (US) Inc.,6830,Bridgeport,WV,26330,,
B/E Aerospace,6829,New Berlin,WI,53151,,
"Helitools, Inc.",7023,Dorsey,IL,62021,,
Froude,7024,Novi,MI,48375,,
Aspen Avionics,6827,Albuquerque,NM,87110,,
Guardian Mobility,6723,Ottawa,ON,K2E,7Y8,Canada
Magnaghi Aeronautica,6724,Napoli,80142,Italy,,
Napoleon Engineering Services,6918,Olean,NY,14760,,
J Chadwick Co,6917,Monrovia,CA,91016-3642,,
"Broadcast Microwave Services, Inc.",6817,Poway,CA,92064,,
FAA Wildlife Strike Database,6725,Phone: 1-419-621-9440,,,,
Protective Packaging Corp.,6726,Phone: 9724462247,,,,
"Power Sonix, Inc.",6824,Martinsburg,WV,25401,,
Shadin Avionics,6825,St. Louis Park,MN,55426-4412,,
McMurdo Group,6722,Guidel,56520,France,,
Capewell Aerial Systems,6822,Meadows of Dan,VA,24120,,
H.W. Farren LLC Aerospace & Aircraft Transportation,6826,Randolph,NJ,7869,,
DST CONTROL,6721,Linkoping,58254,Sweden,,
"Helicopters International Shipping Services, Inc.",7027,Pompano Beach,FL,33069,,
"Ferno Aviation, Inc.",6720,Alpharetta,GA,30004,,
HABCO,6921,Glastonbury,CT,6033,,
Control Products Corporation,7022,Grand Prairie,TX,75051,,
CORRIDOR Aviation Service Software,7029,Austin,TX,78729,,
"Projects Unlimited, Inc.",7018,Dayton,OH,45414,,
Integrated Procurement Technologies,7017,Phone: 1 (805) 682-0842,,,,
"Aircraft Electric Motors, Inc.",6717,Miami,FL,33014,,
David Clark Company Inc.,6718,Worcester,MA,1604,,
Clark Foam Products,6909,Phone: 847 224-9255,,,,
Hartwig Aircraft Fuel Cell Repair,7009,Hallock,MN,56728,,
Breezer Mobile Cooling,6809,Deerfield Beach,FL,33442,,
Helicopter Helmet.com,6709,Johns Island,SC,29455,,
Switlik Survival Products,7010,Trenton,NJ,8609,,
Floats & Fuel Cells Inc.,6911,Memphis,TN,38118-6916,,
"Volga Dnepr Unique Air Cargo, Inc.",7012,The Woodlands,TX,77380,,
Precision Fuel Components LLC,6913,Everett,WA,98204,,
"Aviation Plus, Inc.",6810,Miami,FL,33186,,
Dino-Lite Scopes (BigC),6813,Phone: 3106189990 ext. 120,,,,
PAS MRO,6806,Website: http://WWW.PASMRO.COM,,,,
Heliport Systems Inc.,6818,Morristown,NJ,07960-6012,,
"Tiger Performance Products, Inc.",8603,West Seneca,NY,14224,,
AV-DEC,8231,FORT WORTH,TX,76116,,
"Aviation Assurance, Inc.",7828,Fort Lauderdale,FL,33331,,
AOPA Insurance,7728,Frederick,MD,21701,,
"Dytran Instruments, Inc.",8130,Chatsworth,CA,91311-4137,,
"Dynamic Solutions Systems, Inc.",8230,San Marcos,CA,92078,,
"Pynco, Inc.",7428,Bedford,IN,47421,,
RF System Lab,7328,Traverse City,MI,49684,,
Air Covers,7230,Wrexham,LL139UT,United,Kingdom,
Hitemco,7829,Old Bethpage,NY,11804,,
"Downing Heliport Systems, Inc.",7429,Canoga Park,CA,91304,,
CarteNav Solutions Inc.,7628,Halifax,NS,B3J,3K8,Canada
"Herber Aircraft Service, Inc.",7528,El Segundo,CA,90245-4307,,
Survival Systems USA,7529,Groton,CT,6340,,
Langara Fishing Adventures,7629,Richmond,BC,V7B,1B8,Canada
"Creative Tent International, Inc.",7330,Henderson,NV,89011-4000,,
Computer Training Systems,7731,Wichita,KS,67202,,
BBA Aviation plc,7608,London,W1U,1QY,United,Kingdom
Helitech International,7331,Richmond,TW9,1DN,United,Kingdom
Summit Aviation - A Greenwich AeroGroup Company,6304,Middletown,DE,19709,,
Avion/Avtask,7530,Wright City,MO,63021,,
"Aero Seats & Systems, Inc.",7630,Everman,TX,76140,,
Airborne Law Enforcement Assn. (ALEA),7228,Phone: 301-631-2406,,,,
National Transportation Safety Brd,6926,Anchorage,AK,99513,,
Heli EFB,6920,Berlin,10119,Germany,,
"Accurate Accessories, LLC",7128,Moreno Valley,CA,92553,,
Fortner Accessory Service Corp.,6925,Glendale,CA,91201,,
Flightcert,7459,Christchurch,8146,New,Zealand,
TracPlus USA,7356,El Cajon,CA,92020,,
SVP Broadcast Microwave,7358,Phone: +34 946 203 722,,,,
Swiss Rotor Solutions AG,7350,BE,3771,Switzerland,,
Clegg Industries,7349,Victoria,TX,77905,,
Turtle-Pac Pty. Ltd.,7460,Currumbin,QLD,,,
California PopTop,7449,Valencia,CA,91355,,
"Sutton James, Inc.",7440,Hartford,CT,06114-2125,,
Paramount Panels Inc.,7340,Ontario,CA,91761,,
"Aviation Instrument Services, Inc.",7341,Miami,FL,33186,,
Vertical Magazine,7736,Kitchener,ON,N2R,1.00E+05,Canada
Hawk Enterprises,8662,Huntsville,AL,35805,,
USA Borescopes,7442,Clarksville,TN,37043,,
Astro Tool Corporation,7359,Hillsboro,OR,97068,,
Digital Airware,8562,Charlotte,NC,28269,,
JETNET LLC,8556,Utica,NY,13501,,
"Applied Avionics, Inc",8653,Fort Worth,TX,76112,,
Miraj Corporation,8705,Hasbrouck Heights,NJ,7604,,
Concorde Battery Corp.,8552,West Covina,CA,91790-1006,,
Armour of America,8551,Auburn,AL,36832,,
"Lily Helipads, LLC.",8550,Lebanon,IN,46052,,
Avionic Instruments LLC,3400,Avenel,NJ,7001,,
702 Helicopter Inc.,12143,North Las Vegas,NV,89032,,
Rolin Industries,12244,Ft. Walton Beach,FL,32548,,
"Leading Edge Insurance Agency, Inc.",12245,Colorado Springs,CO,80918-7105,,
Williams and Williams Inc.,12145,Lakeland,FL,33801,,
"HelicopterBuyer, Inc.",12342,Minneapolis,MN,55303-8822,,
Air Ambulance Technology GmbH,12345,Ranshofen,5282,Austria,,
AirMed & Rescue Voyageur Group,12344,Bristol,BS1,5BN,United,Kingdom
"Merlin Simulation, Inc.",7451,Ann Arbor,MI,48106,,
Axnes,7452,Monument,CO,80132,,
Trade-A-Plane (TAP Publishing Company),7454,Crossville,TN,38555,,
KGS Electronics,8756,Arcadia,CA,91006-5619,,
EXTEX Engineered Products,7351,Phone: 480-606-3069,,,,
"Spectrolab, Inc.",7353,Sylmar,CA,91342-5373,,
"WireMasters, Inc",8856,Columbia,TN,38401,,
Flightcell,7456,Nelson,7010,New,Zealand,
Hangar One Avionics Inc.,7450,Carlsbad,CA,92011-4412,,
IDG - Network Innovations Group,7357,Phone: +46 8 7652670,,,,
Air Maestro by Avinet,7458,Adelaide,SA,,,
Global Aviation Helicopter LLC,11239,Norcross,GA,30092,,
Tanis Aircraft Products,11139,Blaine,MN,55449-5126,,
Guardian Electric Manufacturing Co.,11140,Woodstock,IL,60098,,
"Logic Aviation Services, LLC",11241,Shawnee,OK,74804,,
Helicopter Accessory Service Inc.,11141,Sun Valley,CA,91352-2006,,
HeliOps Magazine,11242,Auckland,1151,New,Zealand,
OGMA,11143,Phone: +351 21 9581000,,,,
JSfirm LLC,11244,Roanoke,TX,76262,,
ATP,7236,Brisbane,CA,94005-1251,,
Nampa Valley Helicopters an HNZ Company,7306,Meridian,ID,83642,,
"Aircraft Belts, Inc. (ABI)",11051,Creedmoor,NC,27522,,
"Applied Video Imaging, LLC",10950,Charlottesville,VA,22901,,
"Purolator Facet, Inc.",10951,Greensboro,NC,27409-9621,,
ITT Corporation,11052,Orchard Park,NY,14127,,
Airborne Engines Ltd.,10837,Delta,BC,V4G,1A4,Canada
VIH Aerospace Inc,10953,North Saanich,BC,V8L,5V5,Canada
REBTECH,11054,Bedford,TX,76022,,
HNZ Topflight,7306,Penticton,BC,V2A,8X1,Canada
Safran Electronics & Defense,10542,Grand Prairie,TX,75052-8187,,
AEM Corp,11134,Kelowna,BC,V1Y,4N7,Canada
Flight Flix LLC,5205,Maple Grove,MN,55311,,
CTG,2111,Yonkers,NY,10701,,
MDS Coating Technologies Corp.,6705,Slemon Park,PE,C0B,2A0,Canada
"Glenair, Inc.",5211,Glendale,CA,91201-2497,,
Baker Aviation,6910,Addison,TX,75001,,
True Blue Power,5717,Wichita,KS,67226,,
Dakota Air Parts International Inc.,1704,Fargo,ND,58102,,
"Allied Wire & Cable, Inc",1604,Collegeville,PA,19426,,
Oasis Scientific Inc.,1603,Taylors,SC,29687,,
BAE Systems Land & Armaments,1702,Phoenix,AZ,85044,,
B/E  Aerospace Fischer GmbH,1601,Landshut,84034,Germany,,
"RMCI, Inc.",1724,Huntsville,AL,35806,,
Global Aviation Solutions,1626,Huntsville,AL,35802,,
Euravia Engineering & Supply Co Ltd,2828,Kelbrook,Lancashire,,,
"Tesla Industries, Inc.",1600,New Castle,DE,19720,,
Helicopter Association Int'l,1700,Alexandria,VA,22314-2898,,
FEC Heliports,5117,Cincinnati,OH,45233,,
"Vertivue, LLC",4517,Allentown,PA,18103,,
Reiser Simulation and Training GmbH,7740,Berg,82335,Germany,,
Brackett Aircraft,11144,Kingman,AZ,86401,,
HELIWAGON,31,Hayden,ID,83835,,
Advanced Composite Structures Florida,11331,Sanford,FL,32773-6814,,
Rotor-Tech International,11331,Stockton,CA,95215,,
Oceania Aviation Limited,11331,Auckland,2244,New,Zealand,
Dodge City Community College,8135,Dodge City,KS,67801-2316,,
Night Flight Concepts,8135,Bedford,TX,76022,,
Embry-Riddle Aeronautical Univ.,8135,Prescott,AZ,86301,,
"H2 Aviation, Inc.",11337,Valencia,CA,91355,,
"HYE-Tech Manufacturing, LLC",11337,Valencia,CA,91355-3467,,
CANWEST Aerospace,2021,Langley,BC,V2Y2N4,Canada,
Bristow Group,7151,houston,TX,77042,,
Satcom Direct Communicaitons,5106,Herndon,VA,20171,,
Platinum Simulators Inc,42,Carlsbad,CA,92008,,
Heli-1 Corporation,41,Reno,NV,89511,,
United Aero Group,1721,City,CT,6615,,
Skycore Aviation,1721,Chesapeake,VA,23328-5804,,
Heliatica,2307,Moscow,121248,Russian,Federation,
Heliweb Magazine,2306,Alpharetta,GA,30023,,
Saudi Aramco,2304,Dhahran,31311,Saudi,Arabia,
Ultra Electronics Flightline System,2204,Victor,NY,14564,,
Rotor Zen Helicopters,2205,Chicago,IL,60608,,
MyFlightSolutions,2206,Cottonwood Heights,UT,84047,,
HELIPASS.COM,10759,Paris,75015,France,,
"Pro Flight Gear, LLC",10857,Tucson,AZ,85741,,
Aeryon Labs Inc.,10757,Phone: 519-489-6726,,,,
Southern Rotorcraft USA Inc.,10858,Royse City,TX,75189,,
"Quality Resources, LLC",5907,Richmond Heights,OH,44143,,
Aeronautical Accessories,11249,Piney Flats,TN,37686,,
TRU Simulation + Training,11249,Goose Creek,SC,29445,,
Heliladder of Blue Moon Designs LLC,9236,Bend,OR,97701,,
Bell Helicopter,53,Fort Worth,TX,76101-0482,,
Bell Helicopter,54,Fort Worth,TX,76101-0482,,
Commemerative Air Force,50,Phone: 432-563-1000,,,,
Cold War Air Museum,50,Phone: 972-218-9700,,,,
"Aviation Specialty Insurance, Inc.",8561,Columbus,OH,43212,,
Kaman Aerospace,18,Bloomfield,CT,6002,,
Ateq Aviation LC,2600,Livonia,MI,48150-1274,,
Heli-One,2608,Irving,TX,75039,,